metrics/precision(B),metrics/recall(B),metrics/mAP50(B),metrics/mAP50-95(B),fitness
0.5429851079189112,0.5145428183735942,0.5341783407310073,0.36702187326832775,0.3837375200145957
